{
    "u_x": {
        "mae": 0.022019799798727036,
        "bias": 0.004227840341627598,
        "willmott": 0.9034054726362228,
        "ks": 0.03468708693981171,
        "pearson": 0.8333214246121816,
        "perkin": 0.8360655752374904
    },
    "u_y": {
        "mae": 0.02096061035990715,
        "bias": -0.00046417739940807223,
        "willmott": 0.9609717167913914,
        "ks": 0.05942775309085846,
        "pearson": 0.9305752774790038,
        "perkin": 0.8812888636396481
    },
    "waterlevel": {
        "mae": 0.05255318433046341,
        "bias": 0.0005637920694425702,
        "willmott": 0.9989518154179677,
        "ks": 0.21282601356506348,
        "pearson": 0.9984156386128591,
        "perkin": 0.9306932563019559
    },
    "temperature": {
        "mae": 1.2123634815216064,
        "bias": -0.2059522122144699,
        "willmott": 0.771947056055069,
        "ks": 1.035360336303711,
        "pearson": 0.5943233507884688,
        "perkin": 0.7381064599555013
    },
    "salinity": {
        "mae": 0.0904230996966362,
        "bias": 0.07242272049188614,
        "willmott": 0.6018872559070587,
        "ks": 0.1065521240234375,
        "pearson": 0.46424374680325514,
        "perkin": 0.6010349188036833
    }
}