{
    "u_x": {
        "mae": 0.025713138282299042,
        "bias": 0.0047063627280294895,
        "willmott": 0.9237332046031952,
        "ks": 0.02186693251132965,
        "pearson": 0.8612230661696518,
        "perkin": 0.8866591297164977
    },
    "u_y": {
        "mae": 0.02459791675209999,
        "bias": 0.010665716603398323,
        "willmott": 0.9816086553037167,
        "ks": 0.022403061389923096,
        "pearson": 0.9675431518247657,
        "perkin": 0.9219898264331821
    },
    "waterlevel": {
        "mae": 0.019725676625967026,
        "bias": -0.008646753616631031,
        "willmott": 0.9998385215149028,
        "ks": 0.04808211326599121,
        "pearson": 0.9997136721629063,
        "perkin": 0.9639623283894875
    }
}