{
    "u_x": {
        "mae": 0.040651459246873856,
        "bias": -0.011012500151991844,
        "willmott": 0.8835711553692818,
        "ks": 0.0679885745048523,
        "pearson": 0.8088721528290657,
        "perkin": 0.8819601193348696
    },
    "u_y": {
        "mae": 0.05449555441737175,
        "bias": -0.004080918617546558,
        "willmott": 0.9748059995472431,
        "ks": 0.11462831497192383,
        "pearson": 0.9510376716018774,
        "perkin": 0.9439103241821095
    },
    "waterlevel": {
        "mae": 0.053873613476753235,
        "bias": 0.0077126300893723965,
        "willmott": 0.9988653450272977,
        "ks": 0.22879624366760254,
        "pearson": 0.9981278912345734,
        "perkin": 0.9354818765900884
    }
}