{
    "u_x": {
        "mae": 0.0420183502137661,
        "bias": 0.00526453647762537,
        "willmott": 0.9469257779419422,
        "ks": 0.12303438782691956,
        "pearson": 0.9056078349551533,
        "perkin": 0.9231204014126353
    },
    "u_y": {
        "mae": 0.09367216378450394,
        "bias": 0.006902506109327078,
        "willmott": 0.9145126268267632,
        "ks": 0.31397342681884766,
        "pearson": 0.8489251047104768,
        "perkin": 0.8945732029370463
    },
    "waterlevel": {
        "mae": 0.03994341939687729,
        "bias": 0.0018122547771781683,
        "willmott": 0.9993432586197741,
        "ks": 0.07695114612579346,
        "pearson": 0.9986953139696149,
        "perkin": 0.917153174184432
    }
}