{
    "u_x": {
        "mae": 0.0749567523598671,
        "bias": 0.0016285550082102418,
        "willmott": 0.9037901759147644,
        "ks": 0.11332380771636963,
        "pearson": 0.8367839334511802,
        "perkin": 0.8583520310088436
    },
    "u_y": {
        "mae": 0.07422887533903122,
        "bias": -0.011980191804468632,
        "willmott": 0.8876779973506927,
        "ks": 0.12887078523635864,
        "pearson": 0.8240157586583675,
        "perkin": 0.8185700112038596
    },
    "waterlevel": {
        "mae": 0.05452956259250641,
        "bias": -0.008272822014987469,
        "willmott": 0.998374879010953,
        "ks": 0.14644253253936768,
        "pearson": 0.9973203364679942,
        "perkin": 0.9172166307265094
    }
}