{
    "u_x": {
        "mae": 0.03471151739358902,
        "bias": -0.004198630806058645,
        "willmott": 0.9747331086546183,
        "ks": 0.037538766860961914,
        "pearson": 0.9510885241145518,
        "perkin": 0.9297805958715059
    },
    "u_y": {
        "mae": 0.024326667189598083,
        "bias": -0.0026022624224424362,
        "willmott": 0.993442723993212,
        "ks": 0.08196556568145752,
        "pearson": 0.9877669472885314,
        "perkin": 0.9484086720802605
    },
    "waterlevel": {
        "mae": 0.02428971417248249,
        "bias": 0.008330289274454117,
        "willmott": 0.999771721981233,
        "ks": 0.07923173904418945,
        "pearson": 0.9995760220109554,
        "perkin": 0.9544940648472946
    }
}