{
    "u_x": {
        "mae": 0.029656263068318367,
        "bias": -0.004701241850852966,
        "willmott": 0.8911542594432831,
        "ks": 0.2581750154495239,
        "pearson": 0.8314642127980714,
        "perkin": 0.9058790250510427
    },
    "u_y": {
        "mae": 0.023655077442526817,
        "bias": 0.010067611001431942,
        "willmott": 0.7839005142450333,
        "ks": 0.1989971101284027,
        "pearson": 0.7016681934596459,
        "perkin": 0.8136743863794078
    },
    "waterlevel": {
        "mae": 0.048724640160799026,
        "bias": 0.022862987592816353,
        "willmott": 0.9988886426435784,
        "ks": 0.1822817325592041,
        "pearson": 0.9985180676065196,
        "perkin": 0.9412097230691497
    }
}