{
    "u_x": {
        "mae": 0.053451184183359146,
        "bias": -0.001402619294822216,
        "willmott": 0.8877293542027473,
        "ks": 0.09517553448677063,
        "pearson": 0.8142673663948008,
        "perkin": 0.8264556239347062
    },
    "u_y": {
        "mae": 0.04348457232117653,
        "bias": -0.00552723091095686,
        "willmott": 0.8593135476112366,
        "ks": 0.04453636705875397,
        "pearson": 0.7582575128787806,
        "perkin": 0.8746041424039226
    },
    "waterlevel": {
        "mae": 0.04932199418544769,
        "bias": 0.00984230823814869,
        "willmott": 0.9990249514230527,
        "ks": 0.1537151336669922,
        "pearson": 0.9982549685516742,
        "perkin": 0.9403937063400022
    }
}