{
    "u_x": {
        "mae": 0.03795013949275017,
        "bias": -0.018449855968356133,
        "willmott": 0.9719237945973873,
        "ks": 0.05985972285270691,
        "pearson": 0.9531291587913351,
        "perkin": 0.89381546606364
    },
    "u_y": {
        "mae": 0.03182433545589447,
        "bias": -0.0001663140137679875,
        "willmott": 0.9949688743799925,
        "ks": 0.08323925733566284,
        "pearson": 0.991683078489973,
        "perkin": 0.9264153156819946
    },
    "waterlevel": {
        "mae": 0.05282296612858772,
        "bias": -0.007922515273094177,
        "willmott": 0.9990339010255411,
        "ks": 0.11563372611999512,
        "pearson": 0.9987511521794782,
        "perkin": 0.9351515930053744
    }
}