{
    "u_x": {
        "mae": 0.027917878702282906,
        "bias": 0.005217674653977156,
        "willmott": 0.9944858681410551,
        "ks": 0.03840452432632446,
        "pearson": 0.9896470587391124,
        "perkin": 0.8921878992926885
    },
    "u_y": {
        "mae": 0.01893683895468712,
        "bias": 0.00031507204403169453,
        "willmott": 0.9705493878573179,
        "ks": 0.03902420401573181,
        "pearson": 0.94529035362533,
        "perkin": 0.842283776677641
    },
    "waterlevel": {
        "mae": 0.05101455748081207,
        "bias": -0.02853218838572502,
        "willmott": 0.9982944218209013,
        "ks": 0.12808692455291748,
        "pearson": 0.9980198763113813,
        "perkin": 0.8188241896362757
    }
}