{
    "u_x": {
        "mae": 0.025845384321941892,
        "bias": 0.00528737504744495,
        "willmott": 0.8391628999972823,
        "ks": 0.1141176866094687,
        "pearson": 0.7446010625330879,
        "perkin": 0.8689033000066503
    },
    "u_y": {
        "mae": 0.03716922512140271,
        "bias": 0.0025731683888835476,
        "willmott": 0.8523576116146111,
        "ks": 0.12167260389436374,
        "pearson": 0.7669619722884494,
        "perkin": 0.8378911662462538
    },
    "waterlevel": {
        "mae": 0.1611415172096055,
        "bias": -0.017879017629670937,
        "willmott": 0.9897000928016674,
        "ks": 0.2137017846107483,
        "pearson": 0.9798595647874804,
        "perkin": 0.9182407696654118
    },
    "temperature": {
        "mae": 1.3362711492996002,
        "bias": -0.9190163298543299,
        "willmott": 0.7289257525059843,
        "ks": 1.5675849325862927,
        "pearson": 0.6246181186151735,
        "perkin": 0.6552050348605268
    },
    "salinity": {
        "mae": 0.2863549220336858,
        "bias": 0.2863549220336858,
        "willmott": 0.2628583825937325,
        "ks": 1.532084906032317,
        "pearson": 0.02101804171675613,
        "perkin": 0.054970724017565586
    }
}