{
    "u_x": {
        "mae": 0.030220501757347838,
        "bias": 0.0009371451826413317,
        "willmott": 0.8808154569947773,
        "ks": 0.053044818341732025,
        "pearson": 0.8112452570994741,
        "perkin": 0.8046236309025211
    },
    "u_y": {
        "mae": 0.05787730545763622,
        "bias": 0.007229035085596634,
        "willmott": 0.8677840956037333,
        "ks": 0.19750762290915652,
        "pearson": 0.7875576887156518,
        "perkin": 0.8299971869231091
    },
    "waterlevel": {
        "mae": 0.13968539000059738,
        "bias": -0.01010593921034061,
        "willmott": 0.9921608761282481,
        "ks": 0.1762126173291887,
        "pearson": 0.9845155558105255,
        "perkin": 0.9210600486446322
    }
}