{
    "u_x": {
        "mae": 0.04207118779345263,
        "bias": 0.003574901564760597,
        "willmott": 0.8548876998428473,
        "ks": 0.17649346424473655,
        "pearson": 0.7794264236843166,
        "perkin": 0.8144911203382613
    },
    "u_y": {
        "mae": 0.12018688839204096,
        "bias": 0.013411629432819363,
        "willmott": 0.8422673457456346,
        "ks": 0.25716013682254574,
        "pearson": 0.740932563919923,
        "perkin": 0.8178742679983388
    },
    "waterlevel": {
        "mae": 0.14617999350148295,
        "bias": -0.01261939654134487,
        "willmott": 0.9914999059570898,
        "ks": 0.18576831760860646,
        "pearson": 0.9832555833547383,
        "perkin": 0.9010431361672822
    }
}