{
    "u_x": {
        "mae": 0.08632381326510719,
        "bias": 0.00898651687447714,
        "willmott": 0.8742913217111454,
        "ks": 0.23340092319573746,
        "pearson": 0.8015053869829892,
        "perkin": 0.8404285281253787
    },
    "u_y": {
        "mae": 0.09530921455590481,
        "bias": 0.011381846311255002,
        "willmott": 0.8166941006776294,
        "ks": 0.2902069673873484,
        "pearson": 0.7256235125278806,
        "perkin": 0.7862982833172953
    },
    "waterlevel": {
        "mae": 0.14636465250017466,
        "bias": -0.01244725305963711,
        "willmott": 0.9911348627923547,
        "ks": 0.15460603010086782,
        "pearson": 0.9825306349213418,
        "perkin": 0.8889202142655767
    }
}