{
    "u_x": {
        "mae": 0.06670509198944781,
        "bias": -0.005654931166523994,
        "willmott": 0.8720076579162367,
        "ks": 0.20540437450011573,
        "pearson": 0.7928928475397511,
        "perkin": 0.8305610232391742
    },
    "u_y": {
        "mae": 0.12438343888166853,
        "bias": 0.02057623336766245,
        "willmott": 0.8515352338646985,
        "ks": 0.4610297708284288,
        "pearson": 0.7559590065934277,
        "perkin": 0.8381731045685834
    },
    "waterlevel": {
        "mae": 0.14407542935892934,
        "bias": -0.01076722010403512,
        "willmott": 0.9910907246321112,
        "ks": 0.16927599420352868,
        "pearson": 0.9824182195219155,
        "perkin": 0.8914575536020798
    }
}