{
    "u_x": {
        "mae": 0.07869996325910263,
        "bias": 0.003614668356231712,
        "willmott": 0.8295721724126869,
        "ks": 0.20151366461845693,
        "pearson": 0.7663277378417136,
        "perkin": 0.7637440074628835
    },
    "u_y": {
        "mae": 0.1020076154816545,
        "bias": 0.0006268643735673844,
        "willmott": 0.852037264261507,
        "ks": 0.20552578635990476,
        "pearson": 0.7518569746271986,
        "perkin": 0.8455032461002124
    },
    "waterlevel": {
        "mae": 0.15137055428657992,
        "bias": -0.014679958343252832,
        "willmott": 0.9908788879464155,
        "ks": 0.18797334262302945,
        "pearson": 0.9820678927334546,
        "perkin": 0.9199323347451271
    }
}