{
    "u_x": {
        "mae": 0.03577013608616521,
        "bias": 0.0009733756621930818,
        "willmott": 0.8240089480438346,
        "ks": 0.27796665132045745,
        "pearson": 0.7493596576236655,
        "perkin": 0.840710460015656
    },
    "u_y": {
        "mae": 0.022442496584472157,
        "bias": 0.0006036977732476463,
        "willmott": 0.7758059881811262,
        "ks": 0.1944626420736313,
        "pearson": 0.6767772986159671,
        "perkin": 0.8486044584399639
    },
    "waterlevel": {
        "mae": 0.14575767401472273,
        "bias": -0.0182118729775366,
        "willmott": 0.9892896627995403,
        "ks": 0.16555086465982294,
        "pearson": 0.9791123932656678,
        "perkin": 0.8373273223900477
    }
}