{
    "u_x": {
        "mae": 0.051898647180226534,
        "bias": 0.011823997549142993,
        "willmott": 0.8929550397628511,
        "ks": 0.17391584301367402,
        "pearson": 0.8391958855266222,
        "perkin": 0.7620524548109635
    },
    "u_y": {
        "mae": 0.041625011873565064,
        "bias": 0.010163520875226633,
        "willmott": 0.8403001911773436,
        "ks": 0.09959880810450106,
        "pearson": 0.7782873791074295,
        "perkin": 0.7848886355862299
    },
    "waterlevel": {
        "mae": 0.1307744319397485,
        "bias": -0.013644395504325215,
        "willmott": 0.9927494737878774,
        "ks": 0.14943346877892827,
        "pearson": 0.9856833593150877,
        "perkin": 0.9309275400862169
    }
}