{
    "u_x": {
        "mae": 0.07639497818385854,
        "bias": -0.00904074205194286,
        "willmott": 0.8135376921068279,
        "ks": 0.21346051505306074,
        "pearson": 0.7671876419052622,
        "perkin": 0.6915703415817889
    },
    "u_y": {
        "mae": 0.13338442772782008,
        "bias": 0.012231063584532577,
        "willmott": 0.8605580951439061,
        "ks": 0.21909760351509155,
        "pearson": 0.7752549470540946,
        "perkin": 0.7862982871602369
    },
    "waterlevel": {
        "mae": 0.14549562675085323,
        "bias": -0.011128620293685231,
        "willmott": 0.99155750169459,
        "ks": 0.18281355831358148,
        "pearson": 0.9833583009512882,
        "perkin": 0.8979419175929368
    }
}