{
    "u_x": {
        "mae": 0.09367771571723874,
        "bias": -0.017770332100261743,
        "willmott": 0.9066825431694752,
        "ks": 0.2250806925660787,
        "pearson": 0.8482228212887515,
        "perkin": 0.7741753666474076
    },
    "u_y": {
        "mae": 0.034261725914071464,
        "bias": 0.0064425911310660505,
        "willmott": 0.8725232706571727,
        "ks": 0.10055100949937973,
        "pearson": 0.8047360349539975,
        "perkin": 0.8319706818608252
    },
    "waterlevel": {
        "mae": 0.2012804688438687,
        "bias": -0.019812265164605686,
        "willmott": 0.9672644804808733,
        "ks": 0.20509000446485448,
        "pearson": 0.9385837552331266,
        "perkin": 0.7925007080167406
    }
}