{
    "u_x": {
        "mae": 0.029984155257270505,
        "bias": 0.0007975465806802665,
        "willmott": 0.7895171831460986,
        "ks": 0.1283828441435249,
        "pearson": 0.6682347698977282,
        "perkin": 0.844657454566282
    },
    "u_y": {
        "mae": 0.04651392238124435,
        "bias": -0.012393860502621234,
        "willmott": 0.770567110119881,
        "ks": 0.11126433013435996,
        "pearson": 0.6543871487005779,
        "perkin": 0.8161826870596406
    },
    "waterlevel": {
        "mae": 0.33812740799669905,
        "bias": -0.018213911272141326,
        "willmott": 0.9522229188501112,
        "ks": 0.47480172078665883,
        "pearson": 0.9185322319186479,
        "perkin": 0.8674936598918224
    },
    "temperature": {
        "mae": 1.8258956898224754,
        "bias": -1.143752544852676,
        "willmott": 0.5744559280775807,
        "ks": 3.4389588567296947,
        "pearson": 0.3754557105499281,
        "perkin": 0.7399480551951904
    },
    "salinity": {
        "mae": 0.21197834960465922,
        "bias": 0.19154151326191454,
        "willmott": 0.2628542311448442,
        "ks": 1.1802576029359741,
        "pearson": 0.14318933148129315,
        "perkin": 0.3677743695638327
    }
}