{
    "u_x": {
        "mae": 0.038311644332838374,
        "bias": 0.015599659669104385,
        "willmott": 0.8219649776469092,
        "ks": 0.0680013897023635,
        "pearson": 0.7367844645434901,
        "perkin": 0.7566957969953434
    },
    "u_y": {
        "mae": 0.06869245819015037,
        "bias": -0.01337763535491837,
        "willmott": 0.7982247976791087,
        "ks": 0.18250995059737202,
        "pearson": 0.6986533938820072,
        "perkin": 0.7998308426229397
    },
    "waterlevel": {
        "mae": 0.32060404870958714,
        "bias": -0.020754102770351196,
        "willmott": 0.9554578529427783,
        "ks": 0.47661349763849326,
        "pearson": 0.9234641878559601,
        "perkin": 0.8666478696957802
    },
    "temperature": {
        "mae": 0.7515294535305079,
        "bias": -0.18516923467937182,
        "willmott": 0.7406179549587852,
        "ks": 0.6290055360329312,
        "pearson": 0.5562330647795217,
        "perkin": 0.7281133314999475
    },
    "salinity": {
        "mae": 0.11035651771992919,
        "bias": 0.07343268800726242,
        "willmott": 0.42658276805543716,
        "ks": 0.25754831337693673,
        "pearson": 0.14362817902621072,
        "perkin": 0.5080805648482735
    }
}