{
    "u_x": {
        "mae": 0.08451562706536227,
        "bias": 0.023612870651406992,
        "willmott": 0.7848666910038327,
        "ks": 0.18657361846834702,
        "pearson": 0.6907780714813734,
        "perkin": 0.7640259371684981
    },
    "u_y": {
        "mae": 0.13760761214916578,
        "bias": 0.011699635186506258,
        "willmott": 0.8113051854639555,
        "ks": 0.4614263577734965,
        "pearson": 0.7087953896743365,
        "perkin": 0.7738934250811
    },
    "waterlevel": {
        "mae": 0.3197798115914468,
        "bias": -0.025744094060020196,
        "willmott": 0.9539604192589648,
        "ks": 0.47435361986577274,
        "pearson": 0.9217959274831365,
        "perkin": 0.8483225138443451
    },
    "temperature": {
        "mae": 1.2808663541213634,
        "bias": -0.6065611920941908,
        "willmott": 0.5464151321191317,
        "ks": 7.785491422600636,
        "pearson": 0.31888888431230866,
        "perkin": 0.7970116086118748
    },
    "salinity": {
        "mae": 0.3053573309213111,
        "bias": 0.27763342054416223,
        "willmott": 0.09274289455574558,
        "ks": 7.035416514055047,
        "pearson": 0.05779754257832002,
        "perkin": 0.44459231064296756
    }
}