{
    "u_x": {
        "mae": 0.09923590290886043,
        "bias": 0.028607276534856146,
        "willmott": 0.8347885463864546,
        "ks": 0.2060245725221871,
        "pearson": 0.7561486320696859,
        "perkin": 0.7958838444574712
    },
    "u_y": {
        "mae": 0.10291466799469522,
        "bias": 0.0004909068094806963,
        "willmott": 0.7757099571386386,
        "ks": 0.2859385285823188,
        "pearson": 0.6754715474879436,
        "perkin": 0.7392162411526634
    },
    "waterlevel": {
        "mae": 0.32421662328374773,
        "bias": -0.021373266424578773,
        "willmott": 0.9542534750799629,
        "ks": 0.4784463848937248,
        "pearson": 0.921856762292105,
        "perkin": 0.853961093882154
    },
    "temperature": {
        "mae": 1.130828823671639,
        "bias": -0.6232578741216434,
        "willmott": 0.6240190449835447,
        "ks": 2.825240255810364,
        "pearson": 0.44332561712902735,
        "perkin": 0.7465463364387038
    },
    "salinity": {
        "mae": 0.22165186907192289,
        "bias": 0.19643810176488483,
        "willmott": 0.1854937902228596,
        "ks": 2.384389955691667,
        "pearson": 0.08447520355386166,
        "perkin": 0.42409748118588225
    }
}