{
    "u_x": {
        "mae": 0.04834507725663967,
        "bias": 0.003344257867552045,
        "willmott": 0.814354924503382,
        "ks": 0.18864621253383593,
        "pearson": 0.7114829774468343,
        "perkin": 0.8587538747896974
    },
    "u_y": {
        "mae": 0.1407567379725836,
        "bias": -0.010275914125084362,
        "willmott": 0.7890630146271871,
        "ks": 0.23971288290763082,
        "pearson": 0.6619778208942166,
        "perkin": 0.7987031318072627
    },
    "waterlevel": {
        "mae": 0.32702915551429346,
        "bias": -0.019210701580792425,
        "willmott": 0.9546095029440391,
        "ks": 0.47964339243279097,
        "pearson": 0.9221496373447446,
        "perkin": 0.8618550789153837
    },
    "temperature": {
        "mae": 0.9546605819371455,
        "bias": -0.4905888896324297,
        "willmott": 0.6607870297436604,
        "ks": 1.4448773571824063,
        "pearson": 0.48980873675030445,
        "perkin": 0.7637878758110416
    },
    "salinity": {
        "mae": 0.21187422313571894,
        "bias": 0.18584320632489765,
        "willmott": 0.17823847184683506,
        "ks": 3.833747518760582,
        "pearson": 0.08634403815177166,
        "perkin": 0.44489615391455783
    }
}