{
    "u_x": {
        "mae": 0.0902066213864207,
        "bias": 0.025480038351285903,
        "willmott": 0.7840513399207518,
        "ks": 0.12160895577824782,
        "pearson": 0.6817402393651162,
        "perkin": 0.7654355864965601
    },
    "u_y": {
        "mae": 0.12384127976492224,
        "bias": -0.018301906246201944,
        "willmott": 0.7824014646103278,
        "ks": 0.18857689509670733,
        "pearson": 0.6525699079391248,
        "perkin": 0.7981392718725268
    },
    "waterlevel": {
        "mae": 0.3319872108658743,
        "bias": -0.018794121042575936,
        "willmott": 0.9537507306284677,
        "ks": 0.4810312300222206,
        "pearson": 0.920783978484785,
        "perkin": 0.8660840240299184
    },
    "temperature": {
        "mae": 1.3552295551578033,
        "bias": -0.8324242127928465,
        "willmott": 0.5901087710207886,
        "ks": 2.8217145602116176,
        "pearson": 0.4108288394929147,
        "perkin": 0.7593443618636171
    },
    "salinity": {
        "mae": 0.23831009269020328,
        "bias": 0.21789257869946044,
        "willmott": 0.20266821326523687,
        "ks": 2.367127901990152,
        "pearson": 0.13775291867156678,
        "perkin": 0.41750486364830075
    }
}