{
    "u_x": {
        "mae": 0.042204874397631605,
        "bias": 0.008196195539665493,
        "willmott": 0.749056126844026,
        "ks": 0.2887748055939915,
        "pearson": 0.645046890082382,
        "perkin": 0.7882717744105057
    },
    "u_y": {
        "mae": 0.024470400062786425,
        "bias": 0.0004161233440058366,
        "willmott": 0.727130850220034,
        "ks": 0.2443506706777857,
        "pearson": 0.6019104739070361,
        "perkin": 0.8393008216429623
    },
    "waterlevel": {
        "mae": 0.3171249738100998,
        "bias": -0.05043959392799004,
        "willmott": 0.9473506603117426,
        "ks": 0.45552417765876907,
        "pearson": 0.9148068128556351,
        "perkin": 0.785452497776561
    },
    "temperature": {
        "mae": 2.160232268018689,
        "bias": -1.1595481495138542,
        "willmott": 0.5204780595939342,
        "ks": 9.05031302230411,
        "pearson": 0.28149550467052525,
        "perkin": 0.7344234618908704
    },
    "salinity": {
        "mae": 0.2270095318505487,
        "bias": 0.20608672437549633,
        "willmott": 0.23336703381157442,
        "ks": 1.4209893304169157,
        "pearson": 0.13860283835353732,
        "perkin": 0.39590494706597157
    }
}