{
    "u_x": {
        "mae": 0.06543589556251779,
        "bias": 0.025393979375812385,
        "willmott": 0.8470548780023002,
        "ks": 0.12368088765344126,
        "pearson": 0.7681947799567589,
        "perkin": 0.7925007071960379
    },
    "u_y": {
        "mae": 0.04411249293676716,
        "bias": 0.009220958927731063,
        "willmott": 0.83743136919234,
        "ks": 0.09174092940876397,
        "pearson": 0.7407768908140558,
        "perkin": 0.8440936011273177
    },
    "waterlevel": {
        "mae": 0.3196636269589134,
        "bias": -0.020228391137680154,
        "willmott": 0.9554987755081831,
        "ks": 0.4754339297441428,
        "pearson": 0.9234929216309951,
        "perkin": 0.8694671621264055
    },
    "temperature": {
        "mae": 0.7193803092811527,
        "bias": -0.05892765920247756,
        "willmott": 0.7643210817970568,
        "ks": 0.48523313896518516,
        "pearson": 0.5842501192147094,
        "perkin": 0.6530901468021688
    },
    "salinity": {
        "mae": 0.09465477225125003,
        "bias": 0.05305997383191003,
        "willmott": 0.46459497017865925,
        "ks": 0.12186064202397517,
        "pearson": 0.19459353012535288,
        "perkin": 0.49586615623533853
    }
}