{
    "u_x": {
        "mae": 0.08895678507668736,
        "bias": -0.024543732004430656,
        "willmott": 0.7674384719303045,
        "ks": 0.14536176848565874,
        "pearson": 0.662495275494307,
        "perkin": 0.7490837327815882
    },
    "u_y": {
        "mae": 0.16951439885618957,
        "bias": -0.0348464807612605,
        "willmott": 0.7839414925318892,
        "ks": 0.19586721058510165,
        "pearson": 0.6660955866457964,
        "perkin": 0.7671271446926431
    },
    "waterlevel": {
        "mae": 0.3257922482275076,
        "bias": -0.019336762094883667,
        "willmott": 0.9546788437688792,
        "ks": 0.47720066140140105,
        "pearson": 0.9223074823311607,
        "perkin": 0.8686213587998256
    },
    "temperature": {
        "mae": 0.8859371240834101,
        "bias": -0.3830495098998638,
        "willmott": 0.6729618912774187,
        "ks": 1.2562579179523432,
        "pearson": 0.4916899807973591,
        "perkin": 0.7868981958989946
    },
    "salinity": {
        "mae": 0.20925435500389747,
        "bias": 0.18096716300518445,
        "willmott": 0.16552651102092097,
        "ks": 2.5793979457454768,
        "pearson": 0.03920194041248595,
        "perkin": 0.461368020107476
    }
}