{
    "u_x": {
        "mae": 0.1249484130146872,
        "bias": -0.007021150853802896,
        "willmott": 0.8105543232136336,
        "ks": 0.2797022562137042,
        "pearson": 0.731059621393495,
        "perkin": 0.7397800995672238
    },
    "u_y": {
        "mae": 0.043367694220647714,
        "bias": 0.005743449030661587,
        "willmott": 0.78842017214529,
        "ks": 0.11425087171905537,
        "pearson": 0.6733815205527786,
        "perkin": 0.839582743973286
    },
    "waterlevel": {
        "mae": 0.37922372405213717,
        "bias": -0.13256852218343348,
        "willmott": 0.8647152303862266,
        "ks": 0.4417832841234133,
        "pearson": 0.8227229995572375,
        "perkin": 0.6363123709151308
    }
}